section, गद्यखंड
1., बीभयाव ऄंफेदऔय श्रभ ववबाजन ओय जातत प्रथा (ननफंध)
2., नलिन वविॊचन शभाा ववष औे दााँत (औहानी)
3., भैक्सभूिय बायत से हभ क्या सीकें (बाषण)
4., हजायी प्रसाद द्विवेदी नाकून क्यों फढ़ते हैं (िलित ननफंध)
5., खुणाऔय भुिे नाखयी लिवऩ (ननफंध)
6., ऄभयऔांत फहादुय (औहानी)
7., याभवविास शभाा ऩयंऩया औा भूल्ांऔन (ननफंध)
8., ऩ०ं बफयजू भहायाज लजत-लजत भें ननयकत रॄाँ (साक्षात्काय)
9., ऄशॊऔ वाजऩेमी अववन्यों (िलित यचना)
10., ववनॊद औुभाय शुक्ल भछिी (औहानी)
11., मतीन्द्र नभश्न नोफतकाने भें आफादत (व्यनिलचत्र)
12., भहात्मा खााँधी लशक्षा ओय संसृ्कतत (लशक्षाशास्त्र)

section, काव्यखंड
1., खुरु नानऔ याभ बफनु ववयथे जनख जनभा, जॊ नय दुक भें दुक नद्वहिं भानै
2., यसकान प्रेभ-ऄमनन श्री यानधऔा, औयीि औे औंुजन उऩय फायी
3., गनानंद ऄतत सूधॊ सनेह औॊ भायख है, भॊ ऄसुवाननद्वहिं िै फयसी
4., प्रेभधन स्वदेशी
5., सुनभत्रानंदन ऩंत बायतभाता
6., याभधायी लसिंह द्वदनऔय जनतंत्र औा जन्म
7., स० हॊ० वात्स्यामन ऄज्ञेम  द्वहयॊलशभा
8., औुाँ वय नायामण एऔ वृक्ष औी हत्या
9., वीयेन डंखवाि हभायी नींद
10., ऄनानभऔा ऄक्षय-ज्ञान
11., जीवनानंद दास िोटऔय अउाँ खा द्वपय
12., येनय भारयमा रयले्क भेये बफना तुभ प्रबु
